payment_id,order_id,amount,status
1,1,4026.05,paid
2,2,326.04,pending
3,3,2148.72,paid
4,4,2726.66,paid
5,5,916.27,pending
6,6,965.32,pending
7,7,4777.10,paid
8,8,1327.29,failed
9,9,1216.86,paid
10,10,16.48,pending
11,11,6270.66,pending
12,12,2625.76,paid
13,13,2967.74,paid
14,14,2462.61,pending
15,15,472.11,paid
16,16,3043.37,failed
17,17,2339.83,pending
18,18,667.48,paid
19,19,2135.77,paid
20,20,3382.05,pending
21,21,1542.32,paid
22,22,1037.52,pending
23,23,1616.75,failed
24,24,3089.93,pending
25,25,1296.90,paid
26,26,1614.75,paid
27,27,1372.46,paid
28,28,1921.01,paid
29,29,2081.20,paid
30,30,755.76,paid
31,31,1880.68,paid
32,32,1466.47,paid
33,33,1145.92,paid
34,34,2024.57,paid
35,35,3353.31,paid
36,36,1796.25,paid
37,37,4989.77,paid
38,38,3424.85,paid
39,39,2783.35,paid
40,40,417.05,paid
41,41,1976.99,paid
42,42,1943.93,paid
43,43,3580.18,paid
44,44,254.79,paid
45,45,2803.64,paid
46,46,1884.83,paid
47,47,2197.76,paid
48,48,1846.29,pending
49,49,3312.41,paid
50,50,408.93,paid
51,51,3160.40,paid
52,52,1723.71,paid
53,53,1960.48,paid
54,54,4882.81,paid
55,55,173.32,paid
56,56,975.68,paid
57,57,3776.02,paid
58,58,2383.20,paid
59,59,4221.80,paid
60,60,4005.85,paid
